Split,p95_train,coverage_inAD,n
Test20,8.369625488646962,0.8939393939393939,66
