Model,Split,Accuracy,Precision,Recall,F1,BalancedAcc,MCC,AUROC,AUPRC,Brier,TP,FP,FN,TN
xgb,Test20,0.8484848484848485,0.8275862068965517,0.8275862068965517,0.8275862068965517,0.8462255358807083,0.6924510717614166,0.9058713886300094,0.8433215291457179,0.1306352180068762,24,5,5,32
rf,Test20,0.7878787878787878,0.7272727272727273,0.8275862068965517,0.7741935483870968,0.7921714818266543,0.5800343853290304,0.8811742777260019,0.8441123526584109,0.14871220538720537,24,9,5,28
svm_rbf,Test20,0.7575757575757576,0.7241379310344828,0.7241379310344828,0.7241379310344828,0.7539608574091332,0.5079217148182665,0.8266542404473438,0.8110058049088774,0.17242679978323683,21,8,8,29
rl,Test20,0.6666666666666666,0.6129032258064516,0.6551724137931034,0.6333333333333333,0.6654240447343895,0.32901342787917925,0.7642124883504193,0.7573046372169489,0.21415427379085655,19,12,10,25
