Accuracy,Precision,Recall,F1,BalancedAcc,MCC,AUROC,AUPRC,Brier,TP,FP,FN,TN,Model,Split,tau
0.6666666666666666,0.6129032258064516,0.6551724137931034,0.6333333333333333,0.6654240447343895,0.32901342787917925,0.7642124883504193,0.7573046372169489,0.21415427379085655,19,12,10,25,RL,Test20,0.4
0.7290076335877863,0.6916666666666667,0.7094017094017094,0.70042194092827,0.727114647804303,0.45322856891241853,0.7947539050987327,0.7677103347828196,0.1916218501709269,83,37,34,108,RL,Train_CV5,0.4
0.7366412213740458,0.6904761904761905,0.7435897435897436,0.7160493827160493,0.7373121131741822,0.47225015320135805,0.7872089596227527,0.7568034826096305,0.19710582495187098,87,39,30,106,RL,Train_CV10,0.4
