feature,mean_abs_shap
MinAbsEStateIndex,0.8823461
VSA_EState3,0.7243636
ETA_shape_x,0.5807133
ATSC2p,0.50395036
n5aHRing,0.4809551
XH_strength,0.46502554
PEOE_VSA6,0.45542997
AATSC1v,0.36555058
ATSC4s,0.33132368
AATS0Z,0.32222563
