Model,Split,tau,AUROC,AUPRC,BalancedAcc,F1
XGB,Train_CV5_OOF,0.4,0.8726201002063072,0.8287199586578888,0.8077807250221043,0.788135593220339
